{
  "COMET": 84.40712694830458,
  "CometKiwi": 85.24851455918896,
  "XCOMET": 88.00135580379784,
  "spBLEU": 38.091370416670806,
  "METEOR": 54.50639175046879,
  "Naturalness": 50.63386094767151
}