{
  "COMET": 84.72633028125907,
  "CometKiwi": 82.61743036878067,
  "XCOMET": 94.07338840727455,
  "spBLEU": 27.848998802999752,
  "METEOR": 53.29802679109643,
  "Naturalness": 51.58758645781172
}