{
  "COMET": 85.88080115478279,
  "CometKiwi": 83.089091957481,
  "XCOMET": 81.76924033602536,
  "spBLEU": 37.15011599826721,
  "METEOR": 7.326117158996404,
  "Naturalness": 54.706473773159736
}