{
  "COMET": 85.92089365945796,
  "CometKiwi": 83.11747614299887,
  "XCOMET": 81.84964025339964,
  "spBLEU": 37.15011599826721,
  "METEOR": 7.2898161724200214,
  "Naturalness": 54.678404325237864
}