{
  "COMET": 84.7765939947242,
  "CometKiwi": 82.60303060293317,
  "XCOMET": 94.1045910269246,
  "spBLEU": 27.848998802999752,
  "METEOR": 53.33109146631486,
  "Naturalness": 51.550519138082116
}