{
  "COMET": 84.41316748507093,
  "CometKiwi": 85.29967863707765,
  "XCOMET": 88.01462697494789,
  "spBLEU": 38.091370416670806,
  "METEOR": 54.54346909599948,
  "Naturalness": 50.606769529293935
}